Bin Id	Completeness	Contamination	Strain heterogeneity	# unique markers (of 43)	# multi-copy	Insertion branch UID	Taxonomy (contained)	Taxonomy (sister lineage)	GC	Genome size (Mbp)	Gene count	Coding density
BSEL-pool1.001	65.28	8.21	63.01	29	9	UID4735	k__Bacteria;p__Proteobacteria;c__Gammaproteobacteria;o__Pseudomonadales;f__Moraxellaceae;g__Acinetobacter;s__Acinetobacter_lwoffii	unresolved	44.008439510200006	1.952246	3105	0.873694196326
BSEL-pool1.002	92.6	8.56	4.17	32	5	UID2981	k__Bacteria	p__Fibrobacteres;c__Fibrobacteria;o__Fibrobacterales;f__Fibrobacteraceae;g__Fibrobacter;s__Fibrobacter_succinogenes	50.8232296652	3.682326	3473	0.9168430497460001
BSEL-pool1.003	76.07	37.81	25.59	28	5	UID4489	k__Bacteria;p__Proteobacteria;c__Gammaproteobacteria;o__Pseudomonadales;f__Pseudomonadaceae	g__Pseudomonas;s__Pseudomonas_caeni	47.436479275699995	2.7807459999999997	4420	0.9080606427200002
BSEL-pool1.004	7.02	1.75	100.0	1	0	UID3811	k__Bacteria;p__Proteobacteria;c__Alphaproteobacteria;o__Rickettsiales	f__Rickettsiaceae	36.831034804299996	2.219753	3214	0.844464226425
BSEL-pool1.005	64.71	7.04	27.59	21	8	UID2616	k__Bacteria;p__Bacteroidetes	c__Bacteroidia;o__Bacteroidales	44.7027076653	1.8299159999999999	2125	0.9258162669760001
BSEL-pool1.006	94.83	56.89	11.42	7	35	UID2616	k__Bacteria;p__Bacteroidetes	c__Bacteroidia;o__Bacteroidales	51.380694022	3.677607	3667	0.94203458934
BSEL-pool1.007	96.63	3.37	0.0	41	0	UID2496	k__Bacteria;p__Spirochaetes;c__Spirochaetia	p__Elusimicrobia;c__Candidatus_Endomicrobium;o__Candidatus_Endomicrobium;f__Candidatus_Endomicrobium;g__Candidatus_Endomicrobium;s__	35.0533133953	1.280635	1194	0.923889320532
BSEL-pool1.008	82.77	2.81	33.33	29	0	UID2496	k__Bacteria;p__Spirochaetes;c__Spirochaetia	p__Elusimicrobia;c__Candidatus_Endomicrobium;o__Candidatus_Endomicrobium;f__Candidatus_Endomicrobium;g__Candidatus_Endomicrobium;s__	44.4947364007	2.003192	2188	0.927498212852
BSEL-pool1.009	59.38	0.78	0.0	34	3	UID1293	k__Bacteria;p__Firmicutes;c__Clostridia;o__Clostridiales;f__Lachnospiraceae	unresolved	44.0392082468	1.307276	1953	0.94156092516
BSEL-pool1.010	79.11	6.23	45.24	22	1	UID4141	k__Bacteria;p__Proteobacteria;c__Betaproteobacteria;o__Burkholderiales;f__Comamonadaceae;g__Alicycliphilus	g__Comamonas;s__Comamonas_badia	61.5842627074	2.2518740000000004	2802	0.915652474339
BSEL-pool1.011	51.8	27.08	30.11	13	20	UID2617	k__Bacteria;p__Bacteroidetes;c__Bacteroidia;o__Bacteroidales	f__Rikenellaceae;g__Alistipes	59.2583673933	1.391174	1959	0.9605182385519999
BSEL-pool1.012	99.19	5.41	0.0	37	6	UID3162	k__Bacteria;p__Proteobacteria;c__Epsilonproteobacteria;o__Campylobacterales;f__Campylobacteraceae;g__Arcobacter	s__Arcobacter_butzleri	28.2129746736	2.757079	2949	0.922650021998
BSEL-pool1.013	80.02	47.23	9.84	15	26	UID3047	k__Bacteria	p__Lentisphaerae;c__Lentisphaeria;o__Victivallales;f__Victivallaceae;g__Victivallis;s__Victivallis_vadensis	62.117466938199996	2.407537	3146	0.958552661911
BSEL-pool1.014	1.88	0.0	0.0	2	0	UID1239	k__Bacteria;p__Firmicutes;c__Clostridia;o__Clostridiales;f__Ruminococcaceae	g__Ruminococcus	53.179950026899995	0.171292	167	0.892411788058
BSEL-pool1.015	39.08	13.79	81.82	3	0	UID4682	k__Bacteria;p__Proteobacteria;c__Gammaproteobacteria;o__Pseudomonadales;f__Moraxellaceae	g__Acinetobacter	44.9615764463	2.151675	3146	0.903529575796
BSEL-pool1.016	23.28	0.0	0.0	3	0	UID1240	k__Bacteria;p__Firmicutes;c__Clostridia;o__Clostridiales;f__Ruminococcaceae;g__Ruminococcus	s__Ruminococcus_flavefaciens	55.0863815634	0.563141	526	0.904842659298
BSEL-pool1.017	0.0	0.0	0.0	0	0			unresolved	42.457572619400004	0.9936389999999999	1237	0.8485063488850001
BSEL-pool1.018	21.0	1.72	100.0	3	0	UID1240	k__Bacteria;p__Firmicutes;c__Clostridia;o__Clostridiales;f__Ruminococcaceae;g__Ruminococcus	s__Ruminococcus_flavefaciens	49.013994734099995	2.877368	2653	0.8991355989219999
BSEL-pool1.019	18.22	2.75	33.33	26	2	UID1027	k__Bacteria;p__Firmicutes;c__Negativicutes;o__Selenomonadales;f__Acidaminococcaceae	g__Acidaminococcus;s__Acidaminococcus_intestini	52.198625891000006	0.582341	943	0.8802832017669999
BSEL-pool1.020	91.22	9.36	40.0	32	1	UID2496	k__Bacteria;p__Spirochaetes;c__Spirochaetia	p__Elusimicrobia;c__Candidatus_Endomicrobium;o__Candidatus_Endomicrobium;f__Candidatus_Endomicrobium;g__Candidatus_Endomicrobium;s__	30.677978507	1.8991310000000001	2124	0.9203883249760001
BSEL-pool1.021	91.94	3.97	0.0	36	7	UID2619	k__Bacteria;p__Bacteroidetes;c__Bacteroidia;o__Bacteroidales	unresolved	44.805903127700006	3.664227	3070	0.891647815487
BSEL-pool1.022	42.12	24.94	23.57	12	10	UID1227	k__Bacteria;p__Firmicutes;c__Clostridia;o__Clostridiales	unresolved	61.4975983087	1.979022	2798	0.9696127683269999
BSEL-pool1.023	38.45	16.69	2.38	18	13	UID2496	k__Bacteria;p__Spirochaetes;c__Spirochaetia	p__Elusimicrobia;c__Candidatus_Endomicrobium;o__Candidatus_Endomicrobium;f__Candidatus_Endomicrobium;g__Candidatus_Endomicrobium;s__	36.0986181331	1.783891	2277	0.8511467348620001
BSEL-pool1.024	29.36	15.62	68.66	5	19	UID2722	k__Bacteria;p__Bacteroidetes;c__Bacteroidia;o__Bacteroidales;f__Prevotellaceae;g__Prevotella	unresolved	48.957054096499995	0.43890100000000004	707	0.899009115951
BSEL-pool1.025	28.65	6.69	44.44	13	1	UID2981	k__Bacteria	p__Fibrobacteres;c__Fibrobacteria;o__Fibrobacterales;f__Fibrobacteraceae;g__Fibrobacter;s__Fibrobacter_succinogenes	56.9524198675	0.964247	1493	0.9494278955500001
BSEL-pool1.026	91.53	49.28	7.91	22	5	UID4179	k__Bacteria;p__Proteobacteria;c__Betaproteobacteria;o__Burkholderiales;f__Alcaligenaceae	g__Alcaligenes	57.4990789811	5.792498	6877	0.89305253105
BSEL-pool1.027	8.49	0.9	0.0	14	5	UID1227	k__Bacteria;p__Firmicutes;c__Clostridia;o__Clostridiales	f__Ruminococcaceae	56.0353125238	0.604658	769	0.8963976330419999
BSEL-pool1.028	24.63	1.93	5.56	18	8	UID2616	k__Bacteria;p__Bacteroidetes	c__Bacteroidia;o__Bacteroidales	50.592321257200005	0.594863	868	0.9119427498430001
BSEL-pool1.029	66.91	66.75	25.73	14	24	UID4488	k__Bacteria;p__Proteobacteria;c__Gammaproteobacteria;o__Pseudomonadales	f__Pseudomonadaceae	54.9064860856	2.784345	3672	0.959034530563
BSEL-pool1.030	98.28	53.45	6.35	18	25	UID2618	k__Bacteria;p__Bacteroidetes;c__Bacteroidia;o__Bacteroidales	unresolved	40.5003886624	5.756925	4903	0.912081710288
BSEL-pool1.031	3.45	0.0	0.0	2	0	UID4734	k__Bacteria;p__Proteobacteria;c__Gammaproteobacteria;o__Pseudomonadales;f__Moraxellaceae;g__Acinetobacter;s__Acinetobacter_lwoffii	unresolved	47.350398372600004	0.147475	260	0.7625088998139999
BSEL-pool1.032	79.95	2.39	30.0	34	2	UID1214	k__Bacteria;p__Firmicutes;c__Clostridia;o__Clostridiales;f__Peptostreptococcaceae_3;g__Clostridium_3	unresolved	49.013833721400005	1.693832	1771	0.945919666177
BSEL-pool1.033	25.47	1.72	100.0	7	1	UID4489	k__Bacteria;p__Proteobacteria;c__Gammaproteobacteria;o__Pseudomonadales;f__Pseudomonadaceae	g__Pseudomonas;s__Pseudomonas_caeni	48.685604175	2.800298	3969	0.88999349355
BSEL-pool1.034	75.5	4.54	9.09	15	4	UID1215	k__Bacteria;p__Firmicutes;c__Clostridia;o__Clostridiales;f__Peptostreptococcaceae_3;g__Clostridium_3	f__Ruminococcaceae;g__;s__	49.9185002958	1.8239330000000002	1752	0.930221121061
BSEL-pool1.035	50.16	28.24	35.11	17	8	UID1121	k__Bacteria;p__Firmicutes;c__Clostridia;o__Clostridiales	f__Eubacteriaceae	56.995032107600004	2.471068	3460	0.94449606405
BSEL-pool1.036	92.54	88.11	7.59	13	5	UID4179	k__Bacteria;p__Proteobacteria;c__Betaproteobacteria;o__Burkholderiales;f__Alcaligenaceae	g__Alcaligenes	61.673245809399994	6.252841	7519	0.914012206611
BSEL-pool1.037	52.63	24.32	63.64	9	5	UID1027	k__Bacteria;p__Firmicutes;c__Negativicutes;o__Selenomonadales;f__Acidaminococcaceae	g__Phascolarctobacterium;s__	50.72192317100001	2.138801	2954	0.8817959221080001
BSEL-pool1.038	52.87	0.0	0.0	5	0	UID2616	k__Bacteria;p__Bacteroidetes	c__Bacteroidia;o__Bacteroidales	45.1287280366	1.142525	1246	0.903039320803
BSEL-pool1.039	57.93	16.67	58.33	8	5	UID2561	k__Bacteria;p__Spirochaetes;c__Spirochaetia;o__Spirochaetales;f__Spirochaetaceae;g__Treponema	unresolved	39.6551167671	3.1293490000000004	4330	0.930923332616
BSEL-pool1.040	19.83	9.48	40.0	2	0	UID4733	k__Bacteria;p__Proteobacteria;c__Gammaproteobacteria;o__Pseudomonadales;f__Moraxellaceae;g__Acinetobacter	s__	44.0979240212	2.459948	4040	0.9054045044850001
BSEL-pool1.041	21.71	17.94	16.28	16	18	UID2361	k__Bacteria;p__Tenericutes;c__Mollicutes	o__Acholeplasmatales;f__Acholeplasmataceae	36.336423965	2.416011	2692	0.949671172855
BSEL-pool1.042	78.95	13.08	29.73	12	0	UID955	k__Bacteria;p__Firmicutes;c__Bacilli;o__Bacillales;f__Planococcaceae	f__Bacillaceae;g__Bacillus;s__Bacillus_isronensis	42.0903474622	2.906158	3557	0.880509937863
BSEL-pool1.043	62.73	37.07	36.67	7	0	UID1234	k__Bacteria;p__Firmicutes;c__Clostridia;o__Clostridiales;f__Ruminococcaceae	f__Peptostreptococcaceae;g__Clostridium;s__Clostridium_leptum	60.0522790175	2.536773	3594	0.940377794939
BSEL-pool1.044	91.09	21.39	37.04	28	4	UID3304	k__Bacteria;p__Proteobacteria;c__Alphaproteobacteria	unresolved	41.8150672516	1.65498	1937	0.897508731223
BSEL-pool1.045	86.32	5.53	60.0	18	2	UID1234	k__Bacteria;p__Firmicutes;c__Clostridia;o__Clostridiales;f__Ruminococcaceae	f__Peptostreptococcaceae;g__Clostridium;s__Clostridium_leptum	50.403517550299995	1.7207430000000001	1958	0.933447934991
BSEL-pool1.046	32.76	5.17	33.33	5	0	UID2391	k__Bacteria;p__Tenericutes;c__Mollicutes;o__Erysipelotrichales;f__Erysipelotrichaceae;g__Solobacterium	s__Solobacterium_moorei	25.1747656927	0.63485	1032	0.945875403639
BSEL-pool1.047	67.44	147.75	33.22	10	9	UID1227	k__Bacteria;p__Firmicutes;c__Clostridia;o__Clostridiales	unresolved	62.00281044	8.764464	12166	0.9647202612729999
BSEL-pool1.048	33.37	10.57	40.74	11	6	UID146	k__Archaea	p__Thaumarchaeota;c__Nitrosopumilales;o__Nitrosopumilales;f__Nitrosopumilaceae	24.6960213021	13.409739000000002	12568	0.887421671667
BSEL-pool1.049	29.99	6.81	6.9	11	6	UID3047	k__Bacteria	p__Lentisphaerae;c__Lentisphaeria;o__Victivallales;f__Victivallaceae;g__Victivallis;s__Victivallis_vadensis	67.2099018328	1.964404	2606	0.968558402447
BSEL-pool1.050	21.93	5.26	0.0	2	0	UID1215	k__Bacteria;p__Firmicutes;c__Clostridia;o__Clostridiales;f__Peptostreptococcaceae_3;g__Clostridium_3	f__;g__;s__	44.861024889300005	1.235509	1848	0.9279252518600001
BSEL-pool1.051	9.48	1.64	0.0	4	4	UID199	k__Archaea	p__Thaumarchaeota;c__Nitrosopumilales;o__Nitrosopumilales;f__Nitrosopumilaceae	27.1764673271	2.88603	3301	0.9091059344499999
BSEL-pool1.052	58.68	26.07	10.17	13	1	UID3047	k__Bacteria	p__Lentisphaerae;c__Lentisphaeria;o__Victivallales;f__Victivallaceae;g__Victivallis;s__Victivallis_vadensis	67.1110081062	2.386078	2749	0.879078973948
BSEL-pool1.053	53.97	10.84	10.0	13	0	UID2619	k__Bacteria;p__Bacteroidetes;c__Bacteroidia;o__Bacteroidales	unresolved	37.8683086284	2.4718400000000003	2909	0.916581170302
BSEL-pool1.054	27.52	10.48	5.88	6	4	UID2536	k__Bacteria;p__Spirochaetes;c__Spirochaetia;o__Spirochaetales;f__Spirochaetaceae	g__Sphaerochaeta	46.9901561396	0.945564	1404	0.927310049875
BSEL-pool1.055	61.49	40.33	32.15	12	9	UID2722	k__Bacteria;p__Bacteroidetes;c__Bacteroidia;o__Bacteroidales;f__Prevotellaceae;g__Prevotella	unresolved	50.1818629936	4.471223	6101	0.956712514674
BSEL-pool1.056	34.13	17.4	9.47	18	6	UID3303	k__Bacteria;p__Proteobacteria;c__Alphaproteobacteria	unresolved	61.252770033100006	2.202591	3028	0.951906640861
BSEL-pool1.057	56.5	43.26	65.62	3	1	UID4141	k__Bacteria;p__Proteobacteria;c__Betaproteobacteria;o__Burkholderiales;f__Comamonadaceae;g__Alicycliphilus	g__Comamonas;s__Comamonas_badia	60.078349768100004	5.5619819999999995	7234	0.893415692464
BSEL-pool1.058	77.19	71.81	21.76	8	30	UID1215	k__Bacteria;p__Firmicutes;c__Clostridia;o__Clostridiales;f__Peptostreptococcaceae_3;g__Clostridium_3	f__;g__;s__	50.9951438341	2.6473560000000003	3503	0.962385111787
BSEL-pool1.059	29.5	10.05	35.42	14	7	UID1293	k__Bacteria;p__Firmicutes;c__Clostridia;o__Clostridiales;f__Lachnospiraceae	unresolved	50.031674153599994	0.8303299999999999	1279	0.954319366999
BSEL-pool1.060	48.41	14.91	10.0	4	1	UID2361	k__Bacteria;p__Tenericutes;c__Mollicutes	o__Acholeplasmatales;f__Acholeplasmataceae	28.1863455654	1.083106	1688	0.9274835519329999
BSEL-pool1.061	57.91	28.48	38.57	13	5	UID3047	k__Bacteria	p__Lentisphaerae;c__Lentisphaeria;o__Victivallales;f__Victivallaceae;g__Victivallis;s__Victivallis_vadensis	53.906513621	3.19469	4959	0.928775561948
BSEL-pool1.062	74.71	70.47	4.32	7	31	UID2993	k__Bacteria	p__Verrucomicrobia	65.1490378377	2.62014	3696	0.9399833596680001
BSEL-pool1.063	4.28	0.0	0.0	1	0	UID1	k__Archaea (root)	k__Archaea	20.2071156202	14.138866	13970	0.89503903637
BSEL-pool1.064	29.86	14.58	17.65	0	7			unresolved	59.8225437691	0.6092770000000001	878	0.960904481869
BSEL-pool1.065	35.33	10.34	42.86	3	0	UID2719	k__Bacteria;p__Bacteroidetes;c__Bacteroidia;o__Bacteroidales;f__Prevotellaceae;g__Prevotella	unresolved	44.884899395	1.648775	2215	0.940870039878
BSEL-pool1.066	20.69	0.0	0.0	1	0	UID2813	k__Bacteria;p__Bacteroidetes;c__Flavobacteriia;o__Flavobacteriales;f__Cryomorphaceae	g__Fluviicola;s__Fluviicola_taffensis	41.871507392800005	0.9904850000000001	1156	0.939414529246
BSEL-pool1.067	73.42	102.19	19.55	10	5	UID1230	k__Bacteria;p__Firmicutes;c__Clostridia;o__Clostridiales	f__Oscillospiraceae;g__Oscillibacter;s__Oscillibacter_valericigenes	58.2561237322	5.5669889999999995	8668	0.953695435719
BSEL-pool1.068	87.51	75.47	4.26	22	17	UID2817	k__Bacteria;p__Bacteroidetes;c__Flavobacteriia;o__Flavobacteriales;f__Flavobacteriaceae	unresolved	35.412367215799996	3.867742	5296	0.896206623916
BSEL-pool1.069	89.31	105.27	47.01	13	8	UID3442	k__Bacteria;p__Proteobacteria;c__Alphaproteobacteria;o__Caulobacterales;f__Caulobacteraceae;g__Brevundimonas	unresolved	61.8321271545	5.313473999999999	7358	0.9144951118610001
BSEL-pool1.070	9.47	2.93	0.0	3	1	UID2617	k__Bacteria;p__Bacteroidetes;c__Bacteroidia;o__Bacteroidales	f__Rikenellaceae;g__Alistipes	46.6176155967	0.40665100000000004	800	0.712446299161
BSEL-pool1.071	23.82	23.88	3.85	6	26	UID4231	k__Bacteria;p__Proteobacteria;c__Gammaproteobacteria;o__Xanthomonadales;f__Xanthomonadaceae;g__Stenotrophomonas	s__Stenotrophomonas_maltophilia	60.0987463938	0.6173390000000001	924	0.963007359004
BSEL-pool1.072	59.73	54.47	16.87	9	10	UID2616	k__Bacteria;p__Bacteroidetes	c__Bacteroidia;o__Bacteroidales	51.5209140663	3.5048660000000003	4663	0.951946522349
BSEL-pool1.073	85.41	94.77	5.88	10	20	UID2372	k__Bacteria;p__Tenericutes;c__Mollicutes	o__Erysipelotrichales;f__Erysipelotrichaceae	32.7312125811	5.313994999999999	7671	0.888303056363
BSEL-pool1.074	48.61	33.47	35.19	12	16	UID956	k__Bacteria;p__Firmicutes;c__Bacilli;o__Bacillales;f__Planococcaceae;g__Lysinibacillus	s__Lysinibacillus_fusiformis	41.1003800085	1.945746	2679	0.8908706480700002
BSEL-pool1.075	51.57	23.24	43.75	15	2	UID2982	k__Bacteria	p__Planctomycetes;c__Planctomycetia;o__Planctomycetales;f__Planctomycetaceae	50.2863699686	2.7478439999999997	3984	0.932896845672
BSEL-pool1.076	44.79	39.95	7.06	7	10	UID2617	k__Bacteria;p__Bacteroidetes;c__Bacteroidia;o__Bacteroidales	f__Rikenellaceae;g__Alistipes	56.154104746	4.619689	5852	0.9637830598549999
BSEL-pool1.077	10.74	5.33	30.0	10	12	UID2719	k__Bacteria;p__Bacteroidetes;c__Bacteroidia;o__Bacteroidales;f__Prevotellaceae;g__Prevotella	unresolved	44.1280491363	0.873977	872	0.957481718626
BSEL-pool1.078	73.29	51.49	21.15	7	6	UID4575	k__Bacteria;p__Proteobacteria;c__Gammaproteobacteria;o__Pseudomonadales;f__Pseudomonadaceae;g__Pseudomonas	s__	55.545993567	5.115161	6923	0.878101588591
BSEL-pool1.079	32.5	10.88	35.29	10	2	UID2618	k__Bacteria;p__Bacteroidetes;c__Bacteroidia;o__Bacteroidales	unresolved	46.978333129700005	1.571616	2262	0.939711099912
BSEL-pool1.080	47.37	12.28	66.67	1	0	UID956	k__Bacteria;p__Firmicutes;c__Bacilli;o__Bacillales;f__Planococcaceae;g__Lysinibacillus	s__Lysinibacillus_fusiformis	36.8855141912	5.68874	7020	0.8375524281300001
BSEL-pool1.081	68.26	28.45	0.0	7	1	UID4230	k__Bacteria;p__Proteobacteria;c__Gammaproteobacteria;o__Xanthomonadales;f__Xanthomonadaceae	g__Stenotrophomonas;s__Stenotrophomonas_maltophilia	66.1131091643	5.527881	7620	0.930234388186
BSEL-pool1.082	17.24	3.45	50.0	1	0	UID1229	k__Bacteria;p__Firmicutes;c__Clostridia;o__Clostridiales	f__;g__;s__	45.5713857875	1.7630119999999998	2717	0.8816309815250001
BSEL-pool1.083	53.32	24.9	4.11	10	5	UID2993	k__Bacteria	p__Verrucomicrobia	52.54872405020001	3.778832	5840	0.904944967122
BSEL-pool1.084	28.09	6.03	50.0	1	0	UID2610	k__Bacteria;p__Bacteroidetes;c__Sphingobacteriia;o__Sphingobacteriales;f__Sphingobacteriaceae;g__Pedobacter	s__Pedobacter_glucosidilyticus	44.0538944662	1.8171810000000002	2776	0.883062831936
BSEL-pool1.085	70.85	70.16	11.22	10	2	UID1228	k__Bacteria;p__Firmicutes;c__Clostridia;o__Clostridiales	unresolved	59.0266564601	4.9811190000000005	7757	0.9341872779989999
BSEL-pool1.086	43.67	23.13	7.14	13	8	UID1	k__Archaea (root)	k__Archaea	30.476292766799997	5.288386	7377	0.8678700836130001
BSEL-pool1.087	40.4	9.17	5.56	23	1	UID1118	k__Bacteria;p__Firmicutes;c__Clostridia	o__Clostridiales	38.8691881305	1.619509	2481	0.850499132762
BSEL-pool1.088	89.84	4.78	61.54	33	0	UID1233	k__Bacteria;p__Firmicutes;c__Clostridia;o__Clostridiales;f__Ruminococcaceae	unresolved	49.101427024399996	1.677827	1942	0.9257843627500001
BSEL-pool1.089	4.17	0.0	0.0	0	0			unresolved	47.3028385343	1.137418	1679	0.9161469222399999
BSEL-pool1.090	77.59	75.36	33.33	7	7	UID1293	k__Bacteria;p__Firmicutes;c__Clostridia;o__Clostridiales;f__Lachnospiraceae	unresolved	47.1500659798	3.695068	4597	0.9377702927249999
BSEL-pool1.091	71.21	89.22	18.03	9	24	UID1226	k__Bacteria;p__Firmicutes;c__Clostridia;o__Clostridiales	unresolved	53.6660937962	3.5511230000000005	4995	0.9469886005079999
BSEL-pool1.092	31.88	13.09	0.0	6	1	UID1228	k__Bacteria;p__Firmicutes;c__Clostridia;o__Clostridiales	unresolved	52.3314845925	1.086325	1858	0.8141909649510001
BSEL-pool1.093	37.23	10.48	8.7	11	1	UID1247	k__Bacteria;p__Firmicutes;c__Clostridia;o__Clostridiales	unresolved	40.4297901506	2.427836	3923	0.892126568681
BSEL-pool1.094	40.13	1.88	33.33	3	2	UID2617	k__Bacteria;p__Bacteroidetes;c__Bacteroidia;o__Bacteroidales	f__Rikenellaceae;g__Alistipes	59.058488043100006	0.845831	1287	0.920049040529
BSEL-pool1.095	58.53	18.21	23.53	19	10	UID1247	k__Bacteria;p__Firmicutes;c__Clostridia;o__Clostridiales	unresolved	44.880131910500005	1.295424	1862	0.953707048812
BSEL-pool1.096	94.17	57.59	5.26	23	16	UID1227	k__Bacteria;p__Firmicutes;c__Clostridia;o__Clostridiales	unresolved	54.3552215738	3.320474	4276	0.9042166871359999
BSEL-pool1.097	52.04	8.62	0.0	7	1	UID3341	k__Bacteria;p__Proteobacteria;c__Alphaproteobacteria;o__Rhodobacterales;f__Rhodobacteraceae	g__Rhodobacter;s__Rhodobacter_sphaeroides	63.533692637799994	3.027145	3861	0.908865944644
BSEL-pool1.098	41.49	4.06	13.33	14	2	UID2543	k__Bacteria;p__Spirochaetes;c__Spirochaetia;o__Spirochaetales;f__Spirochaetaceae;g__Treponema	unresolved	43.7315106109	1.2148860000000001	1748	0.901533147966
BSEL-pool1.099	70.89	4.56	0.0	18	2	UID2496	k__Bacteria;p__Spirochaetes;c__Spirochaetia	unresolved	36.8894377922	0.9886379999999999	1290	0.910476837831
BSEL-pool1.100	41.49	4.06	13.33	14	2	UID2543	k__Bacteria;p__Spirochaetes;c__Spirochaetia;o__Spirochaetales;f__Spirochaetaceae;g__Treponema	unresolved	43.734652167600004	1.2237069999999999	1765	0.901802473958
BSEL-pool1.101	70.89	4.56	0.0	18	2	UID2496	k__Bacteria;p__Spirochaetes;c__Spirochaetia	unresolved	36.888890688800004	0.987712	1288	0.9107482748010001
BSEL-pool2.001	13.41	0.38	50.0	22	1	UID1215	k__Bacteria;p__Firmicutes;c__Clostridia;o__Clostridiales;f__Peptostreptococcaceae_3;g__Clostridium_3	f__;g__;s__	46.4207504935	0.740686	1037	0.906914670994
BSEL-pool2.002	0.0	0.0	0.0	0	0			unresolved	37.6136265428	0.890967	1165	0.9139564091600001
BSEL-pool2.003	50.16	2.63	100.0	6	0	UID1215	k__Bacteria;p__Firmicutes;c__Clostridia;o__Clostridiales;f__Peptostreptococcaceae_3;g__Clostridium_3	f__;g__;s__	47.558809310600004	1.067348	1579	0.940558280898
BSEL-pool2.004	95.6	6.76	20.0	41	1	UID2981	k__Bacteria	p__Fibrobacteres;c__Fibrobacteria;o__Fibrobacterales;f__Fibrobacteraceae;g__Fibrobacter;s__Fibrobacter_succinogenes	50.157030740799996	3.392011	3119	0.931199810378
BSEL-pool2.005	90.94	0.67	0.0	41	0	UID1240	k__Bacteria;p__Firmicutes;c__Clostridia;o__Clostridiales;f__Ruminococcaceae;g__Ruminococcus	s__Ruminococcus_flavefaciens	54.387129925500005	2.689526	2326	0.89426872988
BSEL-pool2.006	9.66	0.0	0.0	1	0	UID1240	k__Bacteria;p__Firmicutes;c__Clostridia;o__Clostridiales;f__Ruminococcaceae;g__Ruminococcus	s__Ruminococcus_albus	46.2786578621	1.088532	1210	0.891461160535
BSEL-pool2.007	17.26	1.91	100.0	4	1	UID1215	k__Bacteria;p__Firmicutes;c__Clostridia;o__Clostridiales;f__Peptostreptococcaceae_3;g__Clostridium_3	f__;g__;s__	47.014440992299996	0.910533	1253	0.9057233510480001
BSEL-pool2.008	56.89	15.32	5.56	35	0	UID2616	k__Bacteria;p__Bacteroidetes	c__Bacteroidia;o__Bacteroidales	46.8311963576	1.423897	1359	0.937159780518
BSEL-pool2.009	47.22	5.9	35.29	18	1	UID2617	k__Bacteria;p__Bacteroidetes;c__Bacteroidia;o__Bacteroidales	f__Rikenellaceae;g__Alistipes	59.5933972142	1.219667	1828	0.954041553965
BSEL-pool2.010	27.51	1.72	0.0	5	0	UID2616	k__Bacteria;p__Bacteroidetes	c__Bacteroidia;o__Bacteroidales	51.4274621691	0.664536	895	0.955107022042
BSEL-pool2.011	27.18	5.26	100.0	6	1	UID1215	k__Bacteria;p__Firmicutes;c__Clostridia;o__Clostridiales;f__Peptostreptococcaceae_3;g__Clostridium_3	f__;g__;s__	47.8391585133	0.9951909999999999	1205	0.934121188797
BSEL-pool2.012	28.76	2.15	0.0	21	0	UID2616	k__Bacteria;p__Bacteroidetes	c__Bacteroidia;o__Bacteroidales	47.4963142274	0.7766350000000001	813	0.940468817398
BSEL-pool2.013	4.17	0.0	0.0	0	0			unresolved	42.1874255506	1.196283	1447	0.891535698493
BSEL-pool2.014	93.18	5.84	0.0	39	3	UID1226	k__Bacteria;p__Firmicutes;c__Clostridia;o__Clostridiales	f__Ruminococcaceae	59.4197145323	1.985023	1867	0.902865105341
BSEL-pool2.015	94.25	2.41	0.0	42	0	UID2536	k__Bacteria;p__Spirochaetes;c__Spirochaetia;o__Spirochaetales;f__Spirochaetaceae	g__Sphaerochaeta	51.3590190528	2.101479	1949	0.927524376879
BSEL-pool2.016	98.31	1.97	33.33	42	0	UID2372	k__Bacteria;p__Tenericutes;c__Mollicutes	o__Erysipelotrichales;f__Erysipelotrichaceae	36.0773911571	1.618066	1530	0.931734552237
BSEL-pool2.017	46.27	13.53	85.71	14	1	UID1215	k__Bacteria;p__Firmicutes;c__Clostridia;o__Clostridiales;f__Peptostreptococcaceae_3;g__Clostridium_3	f__;g__;s__	47.3961933475	1.264418	1706	0.939779408392
BSEL-pool2.018	12.76	5.17	100.0	3	0	UID2617	k__Bacteria;p__Bacteroidetes;c__Bacteroidia;o__Bacteroidales	f__Rikenellaceae;g__Alistipes	50.4035933696	0.892978	1206	0.931511190645
BSEL-pool2.019	58.31	8.82	23.08	23	4	UID2617	k__Bacteria;p__Bacteroidetes;c__Bacteroidia;o__Bacteroidales	f__Rikenellaceae;g__Alistipes	53.99190060000001	1.8702619999999999	2225	0.9386005810950001
BSEL-pool2.020	86.11	33.83	15.87	33	9	UID2617	k__Bacteria;p__Bacteroidetes;c__Bacteroidia;o__Bacteroidales	f__Rikenellaceae;g__Alistipes	58.73045025729999	2.0690169999999997	2197	0.9464257664390001
BSEL-pool2.021	19.36	0.0	0.0	5	0	UID1215	k__Bacteria;p__Firmicutes;c__Clostridia;o__Clostridiales;f__Peptostreptococcaceae_3;g__Clostridium_3	f__;g__;s__	42.8596837202	1.411219	2036	0.88121687704
BSEL-pool2.022	94.38	7.3	0.0	42	1	UID2329	k__Bacteria	p__Tenericutes;c__Mollicutes	26.8966983546	1.38749	1474	0.916974536753
BSEL-pool2.023	98.95	7.69	0.0	43	0	UID2558	k__Bacteria;p__Spirochaetes;c__Spirochaetia;o__Spirochaetales;f__Spirochaetaceae;g__Treponema	unresolved	40.0202910773	3.019061	2890	0.923045277985
BSEL-pool2.024	100.0	5.08	0.0	42	1	UID235	k__Bacteria;p__Synergistetes;c__Synergistia;o__Synergistales;f__Synergistaceae;g__Jonquetella	g__Pyramidobacter;s__Pyramidobacter_piscolens	60.5916189817	2.5939330000000003	2387	0.8825216379909999
BSEL-pool2.025	93.1	28.03	4.35	30	12	UID2993	k__Bacteria	p__Chlamydiae;c__Chlamydiia;o__Chlamydiales	55.357791069099996	2.443535	2231	0.941637013589
BSEL-pool2.026	59.48	1.72	0.0	6	0	UID1150	k__Bacteria;p__Firmicutes;c__Clostridia;o__Clostridiales	f__Clostridiales_Family_XIII._Incertae_Sedis;g__Anaerovorax;s__Anaerovorax_odorimutans	49.5009547455	1.730304	2085	0.912268595576
BSEL-pool2.027	75.01	27.1	91.3	19	15	UID1027	k__Bacteria;p__Firmicutes;c__Negativicutes;o__Selenomonadales;f__Acidaminococcaceae	g__Phascolarctobacterium;s__	50.1335028218	2.607061	3061	0.8757343997700001
BSEL-pool2.028	86.46	4.43	4.76	34	5	UID3047	k__Bacteria	p__Lentisphaerae;c__Lentisphaeria;o__Victivallales;f__Victivallaceae;g__Victivallis;s__Victivallis_vadensis	61.7521571584	3.937124	3065	0.916233270783
BSEL-pool2.029	60.72	19.98	50.0	19	16	UID2774	k__Bacteria;p__Bacteroidetes;c__Bacteroidia;o__Bacteroidales;f__Prevotellaceae;g__Prevotella	s__Prevotella_ruminicola	50.9858589079	2.434324	3186	0.950530003401
BSEL-pool2.030	98.75	47.45	15.52	20	15	UID2617	k__Bacteria;p__Bacteroidetes;c__Bacteroidia;o__Bacteroidales	f__Rikenellaceae;g__Alistipes	56.24866992770001	3.7732910000000004	3659	0.9526993809909999
BSEL-pool2.031	96.35	7.15	16.67	33	5	UID1119	k__Bacteria;p__Firmicutes;c__Clostridia;o__Clostridiales	unresolved	58.22453169	3.438214	3022	0.886316849388
BSEL-pool2.032	96.55	20.63	11.86	29	14	UID2618	k__Bacteria;p__Bacteroidetes;c__Bacteroidia;o__Bacteroidales	unresolved	40.3078048385	4.867045	4555	0.902677497332
BSEL-pool2.033	87.27	10.86	16.67	28	1	UID2496	k__Bacteria;p__Spirochaetes;c__Spirochaetia	p__Elusimicrobia;c__Candidatus_Endomicrobium;o__Candidatus_Endomicrobium;f__Candidatus_Endomicrobium;g__Candidatus_Endomicrobium;s__	44.486038709	2.227337	2321	0.9172123481990001
BSEL-pool2.034	98.66	2.71	0.0	42	0	UID1226	k__Bacteria;p__Firmicutes;c__Clostridia;o__Clostridiales	f__Ruminococcaceae	43.461797973	2.882635	2459	0.91755217015
BSEL-pool2.035	71.88	11.46	24.14	18	2	UID1226	k__Bacteria;p__Firmicutes;c__Clostridia;o__Clostridiales	f__Ruminococcaceae	54.1784020635	3.162441	3039	0.9036908514659999
BSEL-pool2.036	91.82	3.04	0.0	43	0	UID3047	k__Bacteria	p__Lentisphaerae;c__Lentisphaeria;o__Victivallales;f__Victivallaceae;g__Victivallis;s__Victivallis_vadensis	53.8985223957	4.667217	3900	0.923065287087
BSEL-pool2.037	51.59	3.45	16.13	17	12	UID1148	k__Bacteria;p__Firmicutes;c__Clostridia;o__Clostridiales	unresolved	44.0489695303	1.457151	1934	0.9316440094399999
BSEL-pool2.038	56.39	1.74	25.0	31	1	UID1293	k__Bacteria;p__Firmicutes;c__Clostridia;o__Clostridiales;f__Lachnospiraceae	unresolved	44.1252399658	1.229863	1669	0.944731242423
BSEL-pool2.039	96.39	21.36	0.0	16	25	UID2993	k__Bacteria	p__Verrucomicrobia	61.2217657378	4.317538	3383	0.936063098924
BSEL-pool2.040	76.6	36.72	43.82	19	4	UID2774	k__Bacteria;p__Bacteroidetes;c__Bacteroidia;o__Bacteroidales;f__Prevotellaceae;g__Prevotella	s__Prevotella_ruminicola	47.0261350851	3.7313059999999996	4150	0.94398020425
BSEL-pool2.041	69.43	4.05	0.0	40	0	UID3053	k__Bacteria;p__Verrucomicrobia;c__Verrucomicrobiae;o__Verrucomicrobiales	f__Verrucomicrobia_subdivision_3;g__Pedosphaera;s__Pedosphaera_parvula	49.425882603599995	2.552788	2074	0.9055221193459999
BSEL-pool2.042	100.0	32.0	3.33	43	0	UID2361	k__Bacteria;p__Tenericutes;c__Mollicutes	o__Acholeplasmatales;f__Acholeplasmataceae	30.4710993536	2.73679	2906	0.910857245167
BSEL-pool2.043	16.36	3.64	66.67	3	0	UID2562	k__Bacteria;p__Spirochaetes;c__Spirochaetia;o__Spirochaetales;f__Spirochaetaceae;g__Treponema	s__	40.516525978000004	0.49767100000000003	677	0.953155799715
BSEL-pool2.044	89.26	9.66	5.88	31	0	UID3047	k__Bacteria	p__Lentisphaerae;c__Lentisphaeria;o__Victivallales;f__Victivallaceae;g__Victivallis;s__Victivallis_vadensis	66.8508563967	3.214982	2685	0.893766123729
BSEL-pool2.045	93.28	0.83	0.0	41	1	UID1119	k__Bacteria;p__Firmicutes;c__Clostridia;o__Clostridiales	unresolved	52.733735056899995	1.656031	1339	0.9344076288429999
BSEL-pool2.046	51.32	7.91	20.0	17	2	UID3047	k__Bacteria	p__Lentisphaerae;c__Lentisphaeria;o__Victivallales;f__Victivallaceae;g__Victivallis;s__Victivallis_vadensis	63.8101608374	1.729759	1460	0.946242800298
BSEL-pool2.047	50.0	14.66	0.0	3	3	UID3053	k__Bacteria;p__Verrucomicrobia;c__Verrucomicrobiae;o__Verrucomicrobiales	f__Verrucomicrobia_subdivision_3;g__Pedosphaera;s__Pedosphaera_parvula	41.5978115751	3.21327	3791	0.896161853812
BSEL-pool2.048	57.05	6.03	0.0	7	0	UID2981	k__Bacteria	p__Fibrobacteres;c__Fibrobacteria;o__Fibrobacterales;f__Fibrobacteraceae;g__Fibrobacter;s__Fibrobacter_succinogenes	48.337653518	2.6858419999999996	3102	0.911787067147
BSEL-pool2.049	82.76	48.37	77.78	9	9	UID2558	k__Bacteria;p__Spirochaetes;c__Spirochaetia;o__Spirochaetales;f__Spirochaetaceae;g__Treponema	unresolved	45.7328665032	4.28707	4812	0.885383257096
BSEL-pool2.050	71.14	58.0	20.54	19	3	UID2496	k__Bacteria;p__Spirochaetes;c__Spirochaetia	p__Elusimicrobia;c__Candidatus_Endomicrobium;o__Candidatus_Endomicrobium;f__Candidatus_Endomicrobium;g__Candidatus_Endomicrobium;s__	36.317787414099996	7.141038000000001	9263	0.902309160097
BSEL-pool2.051	27.33	3.49	28.57	13	3	UID2981	k__Bacteria	p__Fibrobacteres;c__Fibrobacteria;o__Fibrobacterales;f__Fibrobacteraceae;g__Fibrobacter;s__Fibrobacter_succinogenes	55.4904762959	2.302833	2647	0.9020745316750001
BSEL-pool2.052	5.53	1.02	28.57	10	3	UID2561	k__Bacteria;p__Spirochaetes;c__Spirochaetia;o__Spirochaetales;f__Spirochaetaceae;g__Treponema	unresolved	39.922592780100004	0.27646	292	0.979060261882
BSEL-pool2.053	77.48	44.87	17.19	16	20	UID2617	k__Bacteria;p__Bacteroidetes;c__Bacteroidia;o__Bacteroidales	f__Rikenellaceae;g__Alistipes	54.3858094475	3.092029	3170	0.9518073730869999
BSEL-pool2.054	54.33	5.55	11.11	22	7	UID3047	k__Bacteria	p__Lentisphaerae;c__Lentisphaeria;o__Victivallales;f__Victivallaceae;g__Victivallis;s__Victivallis_vadensis	60.9862762429	2.014973	2022	0.9400617278740001
BSEL-pool2.055	41.85	2.59	100.0	7	0	UID1150	k__Bacteria;p__Firmicutes;c__Clostridia;o__Clostridiales	f__Clostridiales_Family_XIII._Incertae_Sedis;g__Anaerovorax;s__Anaerovorax_odorimutans	48.9608806488	0.944213	1443	0.9512313429279999
BSEL-pool2.056	61.67	25.81	17.24	16	7	UID2566	k__Bacteria	unresolved	58.6972058442	3.376297	3795	0.957932610786
BSEL-pool2.057	60.41	14.79	34.62	9	7	UID1149	k__Bacteria;p__Firmicutes;c__Clostridia;o__Clostridiales	unresolved	51.6249159032	1.394226	1744	0.9458660217209999
BSEL-pool2.058	29.98	6.14	60.0	4	1	UID1027	k__Bacteria;p__Firmicutes;c__Negativicutes;o__Selenomonadales;f__Acidaminococcaceae	g__Phascolarctobacterium;s__	49.2030046282	1.35258	2018	0.87326516731
BSEL-pool2.059	64.25	39.29	23.53	4	5	UID3047	k__Bacteria	p__Lentisphaerae;c__Lentisphaeria;o__Victivallales;f__Victivallaceae;g__Victivallis;s__Victivallis_vadensis	66.5731264079	3.1665509999999997	4270	0.9381806893369999
BSEL-pool2.060	49.93	67.19	32.14	8	3	UID1121	k__Bacteria;p__Firmicutes;c__Clostridia;o__Clostridiales	f__Eubacteriaceae	60.460335577399995	4.717124	6142	0.9404885264839999
BSEL-pool2.061	69.49	37.09	18.09	13	5	UID1230	k__Bacteria;p__Firmicutes;c__Clostridia;o__Clostridiales	f__Oscillospiraceae;g__Oscillibacter;s__Oscillibacter_valericigenes	63.138106469499995	2.64564	3449	0.9373898187209999
BSEL-pool2.062	72.97	33.68	22.22	15	16	UID1226	k__Bacteria;p__Firmicutes;c__Clostridia;o__Clostridiales	unresolved	37.3976683485	1.887246	2017	0.9517206553890001
BSEL-pool2.063	96.36	50.53	0.76	38	4	UID2571	k__Bacteria	p__Ignavibacteriae;c__Ignavibacteria;o__Ignavibacteriales	29.1613751317	3.970965	4441	0.908398336425
BSEL-pool2.064	98.28	72.65	0.0	26	17	UID227	k__Bacteria;p__Synergistetes;c__Synergistia;o__Synergistales;f__Synergistaceae	unresolved	57.501815718900005	4.246251999999999	4426	0.90214923655
BSEL-pool2.065	29.47	4.31	0.0	5	0	UID1148	k__Bacteria;p__Firmicutes;c__Clostridia;o__Clostridiales	unresolved	35.7377619262	2.300505	2906	0.911620709366
BSEL-pool2.066	44.79	10.29	17.95	20	6	UID1226	k__Bacteria;p__Firmicutes;c__Clostridia;o__Clostridiales	f__Ruminococcaceae	62.5086851075	2.44096	3211	0.915858105008
BSEL-pool2.067	53.79	28.45	26.09	7	5	UID1120	k__Bacteria;p__Firmicutes;c__Clostridia;o__Clostridiales	unresolved	54.7261920507	3.8561699999999997	4938	0.91605556809
BSEL-pool2.068	91.59	9.75	0.0	32	8	UID1234	k__Bacteria;p__Firmicutes;c__Clostridia;o__Clostridiales;f__Ruminococcaceae	f__Peptostreptococcaceae;g__Clostridium;s__Clostridium_leptum	50.892326400500004	2.723611	2741	0.913515916921
BSEL-pool2.069	0.0	0.0	0.0	0	0			unresolved	48.3065435921	0.28232199999999996	333	0.892934309051
BSEL-pool2.070	69.78	31.67	8.7	14	19	UID2719	k__Bacteria;p__Bacteroidetes;c__Bacteroidia;o__Bacteroidales;f__Prevotellaceae;g__Prevotella	unresolved	42.0009821169	4.384407	5763	0.917439234086
BSEL-pool2.071	40.49	8.1	0.0	5	3	UID1230	k__Bacteria;p__Firmicutes;c__Clostridia;o__Clostridiales	f__Oscillospiraceae;g__Oscillibacter;s__Oscillibacter_valericigenes	55.352223834899995	1.896791	2868	0.899219787525
BSEL-pool2.072	24.13	9.09	44.44	5	0	UID2562	k__Bacteria;p__Spirochaetes;c__Spirochaetia;o__Spirochaetales;f__Spirochaetaceae;g__Treponema	s__Treponema_bryantii	41.3476085735	1.482567	2089	0.938982858785
BSEL-pool2.073	38.2	11.05	2.13	13	3	UID2654	k__Bacteria;p__Bacteroidetes;c__Bacteroidia;o__Bacteroidales	unresolved	47.635648127399996	2.364242	3360	0.90292660396
BSEL-pool2.074	70.7	22.88	7.59	10	2	UID2617	k__Bacteria;p__Bacteroidetes;c__Bacteroidia;o__Bacteroidales	f__Rikenellaceae;g__Alistipes	58.27972695060001	2.455087	3246	0.9587635794580001
BSEL-pool2.075	76.97	2.8	0.0	36	0	UID1226	k__Bacteria;p__Firmicutes;c__Clostridia;o__Clostridiales	f__Ruminococcaceae	47.86976890060001	1.275425	1432	0.907515534038
BSEL-pool2.076	73.21	38.64	1.53	27	9	UID2655	k__Bacteria;p__Bacteroidetes;c__Bacteroidia;o__Bacteroidales;f__Porphyromonadaceae_2	g__Barnesiella	53.4153394938	3.4655120000000004	4228	0.9420437730410001
BSEL-pool2.077	26.18	11.03	8.7	13	13	UID1150	k__Bacteria;p__Firmicutes;c__Clostridia;o__Clostridiales	f__Eubacteriaceae;g__Eubacterium	46.2775761312	0.158969	256	0.929747309224
BSEL-pool2.078	4.17	0.0	0.0	0	0			unresolved	47.831125827799994	0.32616	484	0.853559602649
BSEL-pool2.079	0.0	0.0	0.0	0	0			unresolved	45.993396491700004	0.25955900000000004	406	0.8927796762970001
BSEL-pool2.080	31.53	5.26	0.0	4	0	UID1247	k__Bacteria;p__Firmicutes;c__Clostridia;o__Clostridiales	unresolved	51.5068838354	1.214294	1597	0.937537367392
BSEL-pool3.001	94.44	2.1	0.0	42	0	UID2562	k__Bacteria;p__Spirochaetes;c__Spirochaetia;o__Spirochaetales;f__Spirochaetaceae;g__Treponema	s__Treponema_bryantii	37.3739797491	2.738052	2602	0.9310769116150001
BSEL-pool3.002	0.0	0.0	0.0	0	0			unresolved	52.3327060442	0.49418999999999996	652	0.917792751776
BSEL-pool3.003	77.04	5.86	78.57	42	0	UID2616	k__Bacteria;p__Bacteroidetes	c__Bacteroidia;o__Bacteroidales	51.0296092826	2.276786	2718	0.926847318984
BSEL-pool3.004	99.46	4.35	0.0	42	1	UID2618	k__Bacteria;p__Bacteroidetes;c__Bacteroidia;o__Bacteroidales	unresolved	40.3335596348	4.127237999999999	3559	0.901526638396
BSEL-pool3.005	94.97	0.0	0.0	43	0	UID1234	k__Bacteria;p__Firmicutes;c__Clostridia;o__Clostridiales;f__Ruminococcaceae	f__Peptostreptococcaceae;g__Clostridium;s__Clostridium_leptum	47.816983518	2.1501669999999997	1827	0.923158061676
BSEL-pool3.006	86.46	2.9	0.0	41	0	UID3047	k__Bacteria	p__Lentisphaerae;c__Lentisphaeria;o__Victivallales;f__Victivallaceae;g__Victivallis;s__Victivallis_vadensis	59.87041618	3.396103	2668	0.9458361539679999
BSEL-pool3.007	90.54	0.72	50.0	43	0	UID3047	k__Bacteria	p__Lentisphaerae;c__Lentisphaeria;o__Victivallales;f__Victivallaceae;g__Victivallis;s__Victivallis_vadensis	58.230976389	2.1514580000000003	1903	0.936464016495
BSEL-pool3.008	90.9	5.0	47.37	33	2	UID1027	k__Bacteria;p__Firmicutes;c__Negativicutes;o__Selenomonadales;f__Acidaminococcaceae	g__Phascolarctobacterium;s__	50.2955145738	2.045246	2029	0.884891597392
BSEL-pool3.009	38.13	1.6	60.0	14	1	UID2558	k__Bacteria;p__Spirochaetes;c__Spirochaetia;o__Spirochaetales;f__Spirochaetaceae;g__Treponema	unresolved	41.2042141079	1.262616	1604	0.8942798127060001
BSEL-pool3.010	94.25	3.51	25.0	41	1	UID2536	k__Bacteria;p__Spirochaetes;c__Spirochaetia;o__Spirochaetales;f__Spirochaetaceae	g__Sphaerochaeta	53.217946999	2.4314259999999996	2221	0.9131049022259999
BSEL-pool3.011	100.0	5.75	28.57	42	1	UID2562	k__Bacteria;p__Spirochaetes;c__Spirochaetia;o__Spirochaetales;f__Spirochaetaceae;g__Treponema	s__Treponema_bryantii	39.5357013561	3.637831	3281	0.9288666790729999
BSEL-pool3.012	82.77	1.69	0.0	28	0	UID2496	k__Bacteria;p__Spirochaetes;c__Spirochaetia	p__Elusimicrobia;c__Candidatus_Endomicrobium;o__Candidatus_Endomicrobium;f__Candidatus_Endomicrobium;g__Candidatus_Endomicrobium;s__	44.1534711267	2.195123	1887	0.92091559334
BSEL-pool3.013	36.12	1.82	100.0	8	0	UID2558	k__Bacteria;p__Spirochaetes;c__Spirochaetia;o__Spirochaetales;f__Spirochaetaceae;g__Treponema	unresolved	46.939614722600005	1.060275	1420	0.9200169767280001
BSEL-pool3.014	100.0	9.8	22.73	26	17	UID2616	k__Bacteria;p__Bacteroidetes	c__Bacteroidia;o__Bacteroidales	50.110888192299996	4.094665	4140	0.9342854665770001
BSEL-pool3.015	98.28	53.14	26.11	14	29	UID2617	k__Bacteria;p__Bacteroidetes;c__Bacteroidia;o__Bacteroidales	f__Rikenellaceae;g__Alistipes	56.7477086967	1.8391279999999999	1797	0.934508092966
BSEL-pool3.016	88.51	2.77	0.0	42	0	UID2993	k__Bacteria	p__Verrucomicrobia	61.993021768999995	3.876054	2899	0.9272004466399999
BSEL-pool3.017	57.82	3.9	25.0	14	0	UID1120	k__Bacteria;p__Firmicutes;c__Clostridia;o__Clostridiales	unresolved	58.30812895	2.4469950000000003	2649	0.920084021422
BSEL-pool3.018	90.27	0.67	0.0	43	0	UID1230	k__Bacteria;p__Firmicutes;c__Clostridia;o__Clostridiales	f__Oscillospiraceae;g__Oscillibacter;s__Oscillibacter_valericigenes	62.8810719789	2.0975040000000003	1919	0.9101103025309999
BSEL-pool3.019	98.95	4.25	0.0	43	0	UID2558	k__Bacteria;p__Spirochaetes;c__Spirochaetia;o__Spirochaetales;f__Spirochaetaceae;g__Treponema	unresolved	40.1480734454	3.087792	3004	0.924775697327
BSEL-pool3.020	39.54	8.21	25.0	25	4	UID1027	k__Bacteria;p__Firmicutes;c__Negativicutes;o__Selenomonadales;f__Acidaminococcaceae	g__Phascolarctobacterium;s__	48.6262819871	1.558908	1859	0.8865494307549999
BSEL-pool3.021	64.28	28.92	37.29	24	5	UID1420	k__Bacteria;p__Firmicutes;c__Clostridia;o__Thermoanaerobacterales	unresolved	59.68587135479999	2.3796619999999997	2928	0.962379531211
BSEL-pool3.022	78.72	1.69	0.0	42	0	UID3047	k__Bacteria	p__Lentisphaerae;c__Lentisphaeria;o__Victivallales;f__Victivallaceae;g__Victivallis;s__Victivallis_vadensis	50.5122899617	1.680884	1504	0.929732212336
BSEL-pool3.023	84.09	5.5	7.14	39	1	UID3047	k__Bacteria	p__Lentisphaerae;c__Lentisphaeria;o__Victivallales;f__Victivallaceae;g__Victivallis;s__Victivallis_vadensis	61.9943909537	3.6105959999999997	2936	0.9202378222319999
BSEL-pool3.024	23.35	0.16	100.0	6	1	UID2616	k__Bacteria;p__Bacteroidetes	c__Bacteroidia;o__Bacteroidales	46.536519391800006	0.721644	670	0.9408420218279999
BSEL-pool3.025	10.53	0.0	0.0	1	0	UID2372	k__Bacteria;p__Tenericutes;c__Mollicutes	o__Erysipelotrichales;f__Erysipelotrichaceae	31.8644696318	0.41528699999999996	457	0.9368822043549999
BSEL-pool3.026	81.7	8.92	34.78	16	3	UID1120	k__Bacteria;p__Firmicutes;c__Clostridia;o__Clostridiales	unresolved	56.925760789799995	2.808233	2639	0.9185708593269999
BSEL-pool3.027	99.05	2.49	0.0	42	1	UID2617	k__Bacteria;p__Bacteroidetes;c__Bacteroidia;o__Bacteroidales	f__Rikenellaceae;g__Alistipes	40.5291208842	2.5941520000000002	2154	0.9373652738930001
BSEL-pool3.028	100.0	0.0	0.0	43	0	UID233	k__Bacteria;p__Synergistetes;c__Synergistia;o__Synergistales;f__Synergistaceae;g__Aminobacterium	s__Aminobacterium_colombiense	45.2653088616	1.9222689999999998	1901	0.915656965804
BSEL-pool3.029	34.12	0.0	0.0	7	0	UID2616	k__Bacteria;p__Bacteroidetes	c__Bacteroidia;o__Bacteroidales	47.9319963949	0.770018	736	0.951801126727
BSEL-pool3.030	86.49	3.41	0.0	42	1	UID3047	k__Bacteria	p__Lentisphaerae;c__Lentisphaeria;o__Victivallales;f__Victivallaceae;g__Victivallis;s__Victivallis_vadensis	51.111756366099996	5.489647	4111	0.906799289645
BSEL-pool3.031	86.03	15.05	12.77	15	3	UID2617	k__Bacteria;p__Bacteroidetes;c__Bacteroidia;o__Bacteroidales	f__Rikenellaceae;g__Alistipes	63.5718913773	2.495647	2411	0.920929121787
BSEL-pool3.032	87.04	53.2	59.89	25	0	UID1027	k__Bacteria;p__Firmicutes;c__Negativicutes;o__Selenomonadales;f__Acidaminococcaceae	g__Phascolarctobacterium;s__	50.5668312609	3.312185	4034	0.8710168665100001
BSEL-pool3.033	35.54	0.0	0.0	8	0	UID2558	k__Bacteria;p__Spirochaetes;c__Spirochaetia;o__Spirochaetales;f__Spirochaetaceae;g__Treponema	unresolved	45.9508809451	0.991265	1365	0.9169626689129999
BSEL-pool3.034	75.86	18.03	22.92	22	20	UID2617	k__Bacteria;p__Bacteroidetes;c__Bacteroidia;o__Bacteroidales	f__Rikenellaceae;g__Alistipes	58.5279598649	1.98928	2188	0.9426365318109999
BSEL-pool3.035	13.24	5.94	10.0	13	0	UID2561	k__Bacteria;p__Spirochaetes;c__Spirochaetia;o__Spirochaetales;f__Spirochaetaceae;g__Treponema	unresolved	38.659885192800004	2.352291	3027	0.860451789341
BSEL-pool3.036	75.69	41.38	89.66	3	4	UID2993	k__Bacteria	p__Verrucomicrobia	69.47085957659999	2.973464	3127	0.8950752388459999
BSEL-pool3.037	98.66	0.78	0.0	42	0	UID1240	k__Bacteria;p__Firmicutes;c__Clostridia;o__Clostridiales;f__Ruminococcaceae;g__Ruminococcus	s__Ruminococcus_flavefaciens	53.61664100270001	3.192548	2779	0.895883162916
BSEL-pool3.038	67.39	5.63	27.59	34	6	UID2617	k__Bacteria;p__Bacteroidetes;c__Bacteroidia;o__Bacteroidales	f__Rikenellaceae;g__Alistipes	53.437621891199996	1.771559	2363	0.952687435191
BSEL-pool3.039	18.21	2.15	33.33	5	1	UID2561	k__Bacteria;p__Spirochaetes;c__Spirochaetia;o__Spirochaetales;f__Spirochaetaceae;g__Treponema	unresolved	44.9892244386	2.508454	3008	0.8971773052249999
BSEL-pool3.040	93.22	3.39	100.0	33	0	UID227	k__Bacteria;p__Synergistetes;c__Synergistia;o__Synergistales;f__Synergistaceae	unresolved	58.6281473616	1.6913770000000001	1643	0.910246503293
BSEL-pool3.041	92.38	1.6	16.67	42	1	UID2617	k__Bacteria;p__Bacteroidetes;c__Bacteroidia;o__Bacteroidales	f__Rikenellaceae;g__Alistipes	55.3418163325	2.296672	1926	0.954610845606
BSEL-pool3.042	83.32	1.55	25.0	31	1	UID1119	k__Bacteria;p__Firmicutes;c__Clostridia;o__Clostridiales	unresolved	55.3086332567	1.869144	2158	0.914798431796
BSEL-pool3.043	93.96	1.34	0.0	42	0	UID1227	k__Bacteria;p__Firmicutes;c__Clostridia;o__Clostridiales	unresolved	54.0122486914	1.950739	1795	0.899851287128
BSEL-pool3.044	65.16	3.97	18.18	26	0	UID2617	k__Bacteria;p__Bacteroidetes;c__Bacteroidia;o__Bacteroidales	f__Rikenellaceae;g__Alistipes	55.1302250513	1.820963	1693	0.9416583423170001
BSEL-pool3.045	73.44	6.04	50.0	26	0	UID2981	k__Bacteria	p__Fibrobacteres;c__Fibrobacteria;o__Fibrobacterales;f__Fibrobacteraceae;g__Fibrobacter;s__Fibrobacter_succinogenes	50.8940420679	2.441384	2864	0.926598601449
BSEL-pool3.046	60.52	7.3	0.0	12	2	UID2329	k__Bacteria	p__Tenericutes;c__Mollicutes	61.109091176499994	1.972011	1991	0.946176770819
BSEL-pool3.047	85.04	4.46	0.0	36	2	UID3047	k__Bacteria	p__Lentisphaerae;c__Lentisphaeria;o__Victivallales;f__Victivallaceae;g__Victivallis;s__Victivallis_vadensis	61.7242762934	3.882858	3028	0.931570250573
BSEL-pool3.048	93.89	6.45	6.67	31	0	UID2616	k__Bacteria;p__Bacteroidetes	c__Bacteroidia;o__Bacteroidales	50.5177021956	2.94455	2607	0.931838820872
BSEL-pool3.049	90.32	0.27	0.0	42	0	UID1119	k__Bacteria;p__Firmicutes;c__Clostridia;o__Clostridiales	unresolved	46.110711587299996	1.7576479999999999	1564	0.927802381364
BSEL-pool3.050	67.59	0.91	90.0	25	7	UID1150	k__Bacteria;p__Firmicutes;c__Clostridia;o__Clostridiales	f__Eubacteriaceae;g__Eubacterium	49.14917253350001	1.190018	1131	0.9290414094580001
BSEL-pool3.051	29.31	0.0	0.0	5	0	UID3047	k__Bacteria	p__Verrucomicrobia	65.7286663207	1.639907	1895	0.878291878747
BSEL-pool3.052	80.51	18.97	0.0	38	3	UID1119	k__Bacteria;p__Firmicutes;c__Clostridia;o__Clostridiales	unresolved	31.9641635217	2.3937619999999997	2034	0.942186817236
BSEL-pool3.053	55.53	30.0	89.47	8	2	UID2561	k__Bacteria;p__Spirochaetes;c__Spirochaetia;o__Spirochaetales;f__Spirochaetaceae;g__Treponema	unresolved	39.4466166121	3.655079	5095	0.929327382527
BSEL-pool3.054	67.37	14.97	17.86	13	6	UID2981	k__Bacteria	p__Fibrobacteres;c__Fibrobacteria;o__Fibrobacterales;f__Fibrobacteraceae;g__Fibrobacter;s__Fibrobacter_succinogenes	57.0341889322	2.3222720000000003	2286	0.938153670199
BSEL-pool3.055	48.58	0.89	50.0	40	0	UID1214	k__Bacteria;p__Firmicutes;c__Clostridia;o__Clostridiales;f__Peptostreptococcaceae_3;g__Clostridium_3	unresolved	50.1247286782	1.827166	1613	0.9149573711419999
BSEL-pool3.056	95.84	3.78	0.0	30	8	UID235	k__Bacteria;p__Synergistetes;c__Synergistia;o__Synergistales;f__Synergistaceae;g__Jonquetella	g__Pyramidobacter;s__Pyramidobacter_piscolens	60.8096455869	2.510827	2371	0.88222685195
BSEL-pool3.057	28.34	7.18	50.0	9	1	UID1213	k__Bacteria;p__Firmicutes;c__Clostridia;o__Clostridiales;f__Peptostreptococcaceae_3;g__Clostridium_3	unresolved	57.546204492799994	1.7317580000000001	2071	0.923287780394
BSEL-pool3.058	93.71	18.3	0.0	39	4	UID954	k__Bacteria;p__Firmicutes;c__Bacilli;o__Bacillales;f__Planococcaceae	g__Lysinibacillus;s__Lysinibacillus_fusiformis	34.772928491799995	6.021253	6424	0.852089423912
BSEL-pool3.059	88.79	63.4	10.86	10	32	UID140	k__Archaea;p__Euryarchaeota	c__;o__;f__;g__;s__	55.566688659300006	3.533007	3872	0.955467679515
BSEL-pool3.060	87.72	44.21	2.08	25	7	UID1148	k__Bacteria;p__Firmicutes;c__Clostridia;o__Clostridiales	unresolved	49.4772839332	2.8394	3047	0.927230400789
BSEL-pool3.061	58.69	9.84	21.21	13	6	UID1213	k__Bacteria;p__Firmicutes;c__Clostridia;o__Clostridiales;f__Peptostreptococcaceae_3;g__Clostridium_3	unresolved	62.7793023516	2.341638	2967	0.935707397984
BSEL-pool3.062	93.62	76.55	3.33	19	13	UID2536	k__Bacteria;p__Spirochaetes;c__Spirochaetia;o__Spirochaetales;f__Spirochaetaceae	g__Sphaerochaeta	50.8681271058	3.9550660000000004	3894	0.944061869005
BSEL-pool3.063	69.94	45.61	21.21	8	3	UID1213	k__Bacteria;p__Firmicutes;c__Clostridia;o__Clostridiales;f__Peptostreptococcaceae_3;g__Clostridium_3	unresolved	63.625482146	2.7377599999999997	2712	0.902531996961
BSEL-pool3.064	91.22	50.17	4.0	24	15	UID2391	k__Bacteria;p__Tenericutes;c__Mollicutes;o__Erysipelotrichales;f__Erysipelotrichaceae;g__Solobacterium	s__Solobacterium_moorei	35.0210978732	2.0414380000000003	1976	0.945164144098
BSEL-pool3.065	83.07	11.82	7.69	40	2	UID3047	k__Bacteria	p__Lentisphaerae;c__Lentisphaeria;o__Victivallales;f__Victivallaceae;g__Victivallis;s__Victivallis_vadensis	54.6366708665	5.0953800000000005	3936	0.919825606726
BSEL-pool3.066	37.57	43.1	24.53	1	1	UID1228	k__Bacteria;p__Firmicutes;c__Clostridia;o__Clostridiales	f__Eubacteriaceae;g__Eubacterium;s__Eubacterium_desmolans	61.6542289738	3.581318	4412	0.9393840479960001
BSEL-pool3.067	36.17	9.99	0.0	25	8	UID2329	k__Bacteria	p__Tenericutes;c__Mollicutes	40.4236781331	4.618506	5369	0.9131721383499999
BSEL-pool3.068	75.98	1.98	18.18	33	0	UID2774	k__Bacteria;p__Bacteroidetes;c__Bacteroidia;o__Bacteroidales;f__Prevotellaceae;g__Prevotella	s__Prevotella_ruminicola	47.5080503745	2.366039	2210	0.934703105063
BSEL-pool3.069	93.26	44.7	1.79	40	3	UID2329	k__Bacteria	p__Tenericutes;c__Mollicutes	27.6387683125	2.5606169999999997	3344	0.908769644191
BSEL-pool3.070	82.4	22.49	0.0	31	1	UID2616	k__Bacteria;p__Bacteroidetes	c__Bacteroidia;o__Bacteroidales	48.7751353166	3.014782	3064	0.9215631511660001
BSEL-pool3.071	50.16	43.97	28.95	6	1	UID1120	k__Bacteria;p__Firmicutes;c__Clostridia;o__Clostridiales	unresolved	51.588735916800005	3.184387	4049	0.903714592479
BSEL-pool3.072	40.39	17.8	10.53	12	7	UID1227	k__Bacteria;p__Firmicutes;c__Clostridia;o__Clostridiales	unresolved	58.11168022020001	1.742099	2285	0.844473247502
BSEL-pool3.073	21.93	8.77	0.0	1	0	UID2395	k__Bacteria;p__Tenericutes;c__Mollicutes	o__Mycoplasmatales;f__Mycoplasmataceae	56.270206091000006	2.589875	3421	0.907415222742
BSEL-pool3.074	78.63	16.06	57.14	19	3	UID2391	k__Bacteria;p__Tenericutes;c__Mollicutes;o__Erysipelotrichales;f__Erysipelotrichaceae;g__Solobacterium	s__Solobacterium_moorei	48.349402408100005	2.295714	3306	0.938946663217
BSEL-pool3.075	81.62	7.61	0.0	14	1	UID1149	k__Bacteria;p__Firmicutes;c__Clostridia;o__Clostridiales	unresolved	58.7043921024	1.933903	2115	0.942637764148
BSEL-pool3.076	20.51	4.39	33.33	3	1	UID1286	k__Bacteria;p__Firmicutes;c__Clostridia;o__Clostridiales;f__Lachnospiraceae	g__Butyrivibrio	46.1048092558	3.3223019999999996	4314	0.8816007695870001
BSEL-pool3.077	71.82	84.64	0.0	8	4	UID1230	k__Bacteria;p__Firmicutes;c__Clostridia;o__Clostridiales	f__Oscillospiraceae;g__Oscillibacter;s__Oscillibacter_valericigenes	66.58332694810001	3.6673190000000004	4583	0.93166206703
BSEL-pool3.078	29.31	3.38	0.0	14	2	UID3053	k__Bacteria;p__Verrucomicrobia;c__Verrucomicrobiae;o__Verrucomicrobiales	f__Verrucomicrobia_subdivision_3;g__Pedosphaera;s__Pedosphaera_parvula	51.2151933247	1.342379	1839	0.833489647857
BSEL-pool3.079	69.35	35.02	50.0	16	3	UID1150	k__Bacteria;p__Firmicutes;c__Clostridia;o__Clostridiales	f__Eubacteriaceae;g__Eubacterium	51.9221320824	2.051628	2593	0.944415849267
BSEL-pool3.080	28.36	4.39	33.33	4	1	UID1226	k__Bacteria;p__Firmicutes;c__Clostridia;o__Clostridiales	unresolved	43.5104574366	1.975771	2977	0.826055752413
BSEL-pool3.081	44.47	22.39	1.43	11	19	UID1226	k__Bacteria;p__Firmicutes;c__Clostridia;o__Clostridiales	f__Ruminococcaceae	61.3052684941	1.8937099999999998	2327	0.94398455941
BSEL-pool3.082	55.82	23.28	0.0	8	2	UID1229	k__Bacteria;p__Firmicutes;c__Clostridia;o__Clostridiales	f__;g__;s__	62.8322457483	2.7553400000000003	3393	0.9152442166850001
BSEL-pool3.083	16.18	3.45	0.0	2	0	UID2993	k__Bacteria	p__Verrucomicrobia	56.109064667700004	1.1404610000000002	1520	0.9125765808740001
BSEL-pool3.084	77.94	2.47	9.09	37	1	UID4489	k__Bacteria;p__Proteobacteria;c__Gammaproteobacteria;o__Pseudomonadales;f__Pseudomonadaceae	g__Pseudomonas;s__Pseudomonas_caeni	48.605628162200006	2.399611	3042	0.8920141639620001
BSEL-pool3.085	89.71	13.03	2.56	28	12	UID1295	k__Bacteria;p__Firmicutes;c__Clostridia;o__Clostridiales;f__Lachnospiraceae	unresolved	44.1956437471	1.976102	2346	0.935630853063
BSEL-pool3.086	51.28	24.56	0.0	9	2	UID1247	k__Bacteria;p__Firmicutes;c__Clostridia;o__Clostridiales	unresolved	53.768826866800005	1.41885	1923	0.915809282165
BSEL-pool3.087	49.0	6.55	33.33	14	0	UID3047	k__Bacteria	p__Lentisphaerae;c__Lentisphaeria;o__Victivallales;f__Victivallaceae;g__Victivallis;s__Victivallis_vadensis	55.266352025	2.635591	3332	0.92174810128
BSEL-pool3.088	43.35	9.03	9.52	10	0	UID1227	k__Bacteria;p__Firmicutes;c__Clostridia;o__Clostridiales	unresolved	61.6495842352	1.493152	2217	0.898135621826
BSEL-pool3.089	85.57	7.56	0.0	39	3	UID1120	k__Bacteria;p__Firmicutes;c__Clostridia;o__Clostridiales	unresolved	50.6117890163	2.4487200000000002	2903	0.87682993564
BSEL-pool3.090	40.08	1.01	0.0	19	0	UID1226	k__Bacteria;p__Firmicutes;c__Clostridia;o__Clostridiales	f__Ruminococcaceae	58.8326673222	1.338316	1768	0.919400948655
